<lifecycleMappingMetadata>
  <pluginExecutions>
    <pluginExecution>
      <pluginExecutionFilter>
        <goals>
          <goal>delombok</goal>
        </goals>
      </pluginExecutionFilter>
      <action>
        <execute>
          <runOnIncremental>true</runOnIncremental>
          <runOnConfiguration>true</runOnConfiguration>
        </execute>
      </action>
    </pluginExecution>
    <pluginExecution>
      <pluginExecutionFilter>
        <goals>
          <goal>testDelombok</goal>
        </goals>
      </pluginExecutionFilter>
      <action>
        <execute>
          <runOnIncremental>true</runOnIncremental>
          <runOnConfiguration>true</runOnConfiguration>
        </execute>
      </action>
    </pluginExecution>
  </pluginExecutions>
</lifecycleMappingMetadata>
