<?xml version="1.0" encoding="UTF-8"?>
<project name="Lombok Maven Plugin">
  <body>
    <breadcrumbs>
      <item name="Plugin" href="http://awhitford.github.io/lombok.maven/lombok-maven-plugin/" />
    </breadcrumbs>
    <menu name="Overview">
      <item name="Introduction" href="index.html" />
      <item name="Goals" href="plugin-info.html" />
      <item name="Usage" href="usage.html" />
      <item name="Example" href="example.html" />
      <item name="FAQ" href="faq.html" />
    </menu>
    <menu ref="reports" />
  </body>
</project>
